<application>
  <component name="ProjectJdkTable">
    <jdk version="2">
      <name value="Python 2.7" />
      <type value="Python SDK" />
      <version value="Python 2.7.15+" />
      <homePath value="/usr/bin/python2.7" />
      <roots>
        <classPath>
          <root type="composite">
            <root url="file://$USER_HOME$/ros_ws/devel/lib/python2.7/dist-packages" type="simple" />
            <root url="file://$USER_HOME$/ros-ws/devel/lib/python2.7/dist-packages" type="simple" />
            <root url="file:///opt/ros/melodic/lib/python2.7/dist-packages" type="simple" />
            <root url="file:///usr/lib/python2.7" type="simple" />
            <root url="file:///usr/lib/python2.7/plat-x86_64-linux-gnu" type="simple" />
            <root url="file:///usr/lib/python2.7/lib-tk" type="simple" />
            <root url="file:///usr/lib/python2.7/lib-dynload" type="simple" />
            <root url="file://$USER_HOME$/.local/lib/python2.7/site-packages" type="simple" />
            <root url="file:///usr/local/lib/python2.7/dist-packages" type="simple" />
            <root url="file:///usr/lib/python2.7/dist-packages" type="simple" />
            <root url="file:///usr/lib/python2.7/dist-packages/wx-3.0-gtk3" type="simple" />
            <root url="file://$USER_HOME$/.PyCharmCE2019.2/system/python_stubs/-1247972723" type="simple" />
            <root url="file:///snap/pycharm-community/155/helpers/python-skeletons" type="simple" />
            <root url="file://$USER_HOME$/ros_ws" type="simple" />
            <root url="file:///snap/pycharm-community/155/helpers/typeshed/stdlib/2" type="simple" />
            <root url="file:///snap/pycharm-community/155/helpers/typeshed/stdlib/2and3" type="simple" />
            <root url="file:///snap/pycharm-community/155/helpers/typeshed/third_party/2" type="simple" />
            <root url="file:///snap/pycharm-community/155/helpers/typeshed/third_party/2and3" type="simple" />
          </root>
        </classPath>
        <sourcePath>
          <root type="composite" />
        </sourcePath>
      </roots>
      <additional>
        <PATHS_ADDED_BY_USER_ROOT PATH_ADDED_BY_USER="file://$USER_HOME$/ros_ws" />
        <PATHS_ADDED_BY_USER_ROOT PATH_ADDED_BY_USER="file:///opt/ros/melodic/lib/python2.7/dist-packages" />
      </additional>
    </jdk>
  </component>
</application>