<profile version="1.0">
  <option name="myName" value="Default" />
  <inspection_tool class="PyUnresolvedReferencesInspection" enabled="true" level="WARNING" enabled_by_default="true">
    <option name="ignoredIdentifiers">
      <list>
        <option value="tf.LookupException" />
        <option value="tf.ConnectivityException" />
        <option value="tf.ExtrapolationException" />
        <option value="src.learning.learning_multirobot.scripts.team_member.learning_multirobot" />
      </list>
    </option>
  </inspection_tool>
</profile>