<keymap version="1" name="Default for GNOME copy" parent="Default for GNOME">
  <action id="ChangesView.Diff" />
  <action id="CommentByBlockComment" />
  <action id="CommentByLineComment">
    <keyboard-shortcut first-keystroke="ctrl q" />
  </action>
  <action id="CompareTwoFiles" />
  <action id="Diff.ShowDiff" />
  <action id="Diff.ShowSettingsPopup" />
  <action id="EditorAddOrRemoveCaret">
    <mouse-shortcut keystroke="control button1" />
  </action>
  <action id="EditorDuplicate" />
  <action id="FileChooser.GotoDesktop" />
  <action id="GotoDeclaration">
    <keyboard-shortcut first-keystroke="ctrl b" />
  </action>
  <action id="QuickJavaDoc">
    <mouse-shortcut keystroke="alt button2" />
  </action>
  <action id="RunDashboard.CopyConfiguration" />
  <action id="SelectAllOccurrences">
    <keyboard-shortcut first-keystroke="shift ctrl d" />
  </action>
  <action id="SelectNextOccurrence">
    <keyboard-shortcut first-keystroke="ctrl d" />
  </action>
  <action id="SendEOF" />
  <action id="XDebugger.CopyWatch" />
  <action id="openAssertEqualsDiff" />
</keymap>